own_signals_k0,rival_signals_k1,bidder0_value
1,1,0.464616
1,2,0.507133
1,3,0.415404
1,4,0.336127
1,5,0.343671
2,1,0.544458
2,2,0.638410
2,3,0.565251
2,4,0.530259
2,5,0.496862
3,1,0.727219
3,2,0.581111
3,3,0.534004
3,4,0.519363
3,5,0.495412
4,1,0.794774
4,2,0.657859
4,3,0.587254
4,4,0.561915
4,5,0.541682
5,1,0.820946
5,2,0.675317
5,3,0.609581
5,4,0.593152
5,5,0.574750
