toehold,zerosum_eq_bid,ownprofit_br_bid
0.0,2.033039,1.400000
0.2,2.195234,1.800000
0.4,2.268705,2.000000
0.6,2.246479,2.400000
